{
    "LogisticRegression": {
        "accuracy": 0.7,
        "precision": 0.6568627450980391,
        "recall": 0.7,
        "f1_score": 0.671875
    },
    "RandomForestClassifier": {
        "accuracy": 0.75,
        "precision": 0.5625,
        "recall": 0.75,
        "f1_score": 0.6428571428571428
    },
    "GradientBoostingClassifier": {
        "accuracy": 0.85,
        "precision": 0.84375,
        "recall": 0.85,
        "f1_score": 0.8440860215053764
    },
    "SVC": {
        "accuracy": 0.75,
        "precision": 0.5625,
        "recall": 0.75,
        "f1_score": 0.6428571428571428
    },
    "KNN": {
        "accuracy": 0.75,
        "precision": 0.7083333333333333,
        "recall": 0.75,
        "f1_score": 0.7077922077922079
    }
}